{"_runtime":49.950539,"_step":9379,"_wandb":{"runtime":50},"train_loss":0.1151769757270813,"train_accuracy":0.9375,"_timestamp":1.736447989804648e+09}